{
    "$schema": "../../app/quantum_ising/schema.json",
    "spin_count": 7,
    "external_field_x": 100,
    "interaction": [[0, 1, -1.3102757726151544], [1, 2, -0.21417045079966351], [2, 3, 1.1345525379222134], [3, 4, 1.142690183117532], [4, 5, 0.7827727928706851], [5, 6, -0.42403986082302675], [6, 0, 1.5226110219371567]]
}